moisture,temp,ts
2879,33.375,1726225273330
2895,33.4375,1726225275442
2893,33.5,1726225277521
2895,33.4375,1726225279637
2905,33.4375,1726225281727
2883,33.4375,1726225283822
2898,33.4375,1726225285920
2891,33.4375,1726225288040
2896,33.375,1726225290123
2896,33.4375,1726225292203
2896,33.4375,1726225294299
2903,33.4375,1726225296380
2899,33.4375,1726225298463
2898,33.4375,1726225300578
2886,33.4375,1726225302673
2903,33.4375,1726225304877
2896,33.4375,1726225306959
2893,33.5,1726225309075
2893,33.4375,1726225311162
2886,32.875,1726226051599
2896,32.9375,1726226053703
2889,32.9375,1726226055815
2895,32.875,1726226057953
2896,32.9375,1726226060083
2894,32.9375,1726226062232
2887,32.9375,1726226064318
2898,32.9375,1726226066428
2896,32.9375,1726226068514
2895,32.9375,1726226070666
2894,32.9375,1726226072752
2887,32.9375,1726226074845
2883,32.875,1726226076930
2882,32.875,1726226079024
2885,32.9375,1726226081112
2881,32.9375,1726226083200
2891,32.875,1726226085370
2880,32.9375,1726226087478
2883,32.9375,1726226089565
2883,32.9375,1726226091655
2896,32.875,1726226093839
2892,32.9375,1726226095920
2885,32.9375,1726226098005
2896,32.875,1726226100118
2888,32.875,1726226102206
2905,32.9375,1726226105361
2881,32.875,1726226106441
2899,32.875,1726226108576
2893,32.875,1726226110772
2896,32.9375,1726226112855
2899,32.9375,1726226114959
2880,32.9375,1726226117055
2892,32.875,1726226119150
2895,32.9375,1726226121251
2889,32.9375,1726226123355
2882,32.9375,1726226125482
2895,32.875,1726226127581
2896,32.875,1726226129683
2896,32.9375,1726226131768
2901,32.875,1726226133848
2893,32.875,1726226135950
2893,32.875,1726226138039
2889,32.9375,1726226140151
2880,32.9375,1726226142245
2871,32.875,1726226144350
2894,32.875,1726226146446
2889,32.9375,1726226148548
2895,32.875,1726226150641
2894,32.875,1726226152747
2899,32.875,1726226154840
2893,32.9375,1726226156943
2891,32.9375,1726226159026
2877,32.875,1726226161446
2884,32.9375,1726226163550
2891,32.875,1726226165649
2897,32.875,1726226167743
2884,32.9375,1726226169843
2893,32.9375,1726226171928
2883,32.875,1726226174024
2895,32.875,1726226176109
2893,32.9375,1726226178187
2896,32.9375,1726226180289
2885,32.9375,1726226182372
2867,32.875,1726226184470
2893,32.875,1726226186585
2894,32.9375,1726226188691
2884,32.9375,1726226190781
2896,32.875,1726226193106
2890,32.875,1726226195352
2885,32.875,1726226198904
2880,32.9375,1726226199487
2882,32.9375,1726226201567
2887,32.9375,1726226203655
2893,32.875,1726226205763
2889,32.875,1726226207844
2895,32.875,1726226209932
2907,32.875,1726226212021
2884,32.875,1726226214144
2895,32.875,1726226216290
2893,32.9375,1726226218379
2889,32.9375,1726226220467
2886,32.875,1726226222579
2887,32.875,1726226224680
2901,32.9375,1726226226779
2867,32.875,1726226228865
2896,32.875,1726226231007
2887,32.875,1726226233097
2897,32.9375,1726226235178
2896,32.8125,1726226237340
2900,32.875,1726226239658
2893,32.875,1726226241843
2893,32.875,1726226243931
2891,32.9375,1726226246030
2896,32.875,1726226248190
2888,32.875,1726226250310
2890,32.875,1726226252391
2894,32.875,1726226254589
2883,32.9375,1726226256680
2895,32.9375,1726226258771
2892,32.875,1726226260889
2881,32.875,1726226262973
2899,32.8125,1726226265190
2893,32.875,1726226267444
2897,32.875,1726226269542
2899,32.9375,1726226271631
2895,32.875,1726226273749
2896,32.8125,1726226275832
2890,32.875,1726226277925
2896,32.9375,1726226280025
2886,32.875,1726226282132
2899,32.875,1726226284229
2899,32.875,1726226286329
2883,32.9375,1726226288411
2889,32.875,1726226290517
2881,32.8125,1726226292604
2879,32.875,1726226294684
2890,32.875,1726226296767
2898,32.9375,1726226298868
2881,32.875,1726226300946
2880,32.875,1726226303033
2891,32.875,1726226305120
2889,32.875,1726226307215
2899,32.9375,1726226309302
2896,32.9375,1726226311534
2885,32.9375,1726226313614
2886,32.875,1726226315707
2894,32.875,1726226317790
2886,32.875,1726226319871
2896,32.875,1726226321986
2882,32.9375,1726226324093
2885,32.875,1726226326178
2896,32.875,1726226328285
2897,32.875,1726226330391
2896,32.9375,1726226332470
2892,32.9375,1726226334560
2893,32.8125,1726226336643
2897,32.875,1726226338731
2884,32.9375,1726226340814
2895,32.9375,1726226343222
2887,32.875,1726226345335
2894,32.9375,1726226347425
2883,32.875,1726226349508
2887,32.875,1726226351591
2891,32.875,1726226353876
2895,32.9375,1726226355961
2901,32.875,1726226358168
2891,32.875,1726226360464
2881,32.9375,1726226362544
2873,32.9375,1726226364623
2885,32.9375,1726226366704
2887,32.875,1726226368795
2896,32.875,1726226370886
2891,32.875,1726226372964
2887,32.9375,1726226375045
2881,32.875,1726226377151
2885,32.9375,1726226379235
2895,32.875,1726226381315
2894,32.9375,1726226383398
2896,32.9375,1726226385480
2893,32.9375,1726226387559
2879,32.875,1726226389646
2896,32.8125,1726226391729
2894,32.875,1726226393824
2895,32.9375,1726226395946
2899,32.9375,1726226398035
2880,32.875,1726226400119
2893,32.875,1726226402201
2890,32.875,1726226404281
2906,32.9375,1726226406367
2900,32.9375,1726226408454
2885,32.9375,1726226410537
2881,32.875,1726226412621
2901,32.875,1726226414701
2896,32.875,1726226416781
2894,32.9375,1726226418911
2896,32.875,1726226421013
2895,32.875,1726226423117
2896,32.875,1726226425205
2891,32.9375,1726226427350
2899,32.875,1726226429444
2896,32.875,1726226431527
2893,32.9375,1726226433609
2889,32.9375,1726226435689
2879,32.9375,1726226437794
2895,32.9375,1726226439881
2894,32.875,1726226441968
2893,32.875,1726226444194
2897,32.875,1726226446435
2887,32.9375,1726226448521
2885,32.9375,1726226450607
2896,32.9375,1726226452687
2889,32.875,1726226454832
2892,32.875,1726226456910
2894,32.875,1726226459139
2890,32.875,1726226461223
2887,32.9375,1726226463322
2887,33,1726226465405
2893,32.875,1726226467502
2893,32.875,1726226469581
2895,32.875,1726226471661
2896,32.9375,1726226473739
2887,32.9375,1726226475821
2885,32.9375,1726226477907
2890,32.9375,1726226479993
2891,32.875,1726226482075
2885,32.875,1726226484239
2883,32.875,1726226486570
2900,32.875,1726226488652
2891,32.875,1726226490905
2897,32.9375,1726226492996
2889,32.9375,1726226495103
2891,32.875,1726226497198
2896,32.875,1726226499277
2883,32.875,1726226501360
2895,32.9375,1726226503459
2890,32.9375,1726226505541
2883,32.875,1726226507621
2889,32.875,1726226509721
2878,32.875,1726226511971
2896,32.875,1726226514059
2896,32.9375,1726226516145
2891,32.9375,1726226518325
2872,32.875,1726226520573
2895,32.875,1726226522833
2905,32.875,1726226525272
2896,32.875,1726226527375
2898,32.9375,1726226529467
2883,32.9375,1726226531575
2881,32.875,1726226533661
2891,32.875,1726226535741
2889,32.875,1726226537983
2894,32.875,1726226540237
2897,32.875,1726226542320
2892,32.875,1726226544532
2887,32.9375,1726226546839
2887,32.9375,1726226548922
2887,32.9375,1726226551006
2891,32.875,1726226553107
2896,32.875,1726226555187
2891,32.875,1726226557275
2899,32.9375,1726226559372
2901,32.875,1726226561561
2896,32.9375,1726226563651
2895,32.9375,1726226565744
2879,32.875,1726226567826
2889,32.875,1726226569933
2899,32.875,1726226572022
2896,32.875,1726226574232
2891,32.875,1726226576319
2890,32.875,1726226578541
2890,32.875,1726226580786
2896,32.8125,1726226583248
2896,32.875,1726226585508
2890,32.9375,1726226587600
2885,32.9375,1726226589690
2877,32.875,1726226591914
2891,32.9375,1726226593995
2893,32.875,1726226596187
2893,32.9375,1726226598291
2896,32.875,1726226600454
2894,32.9375,1726226602543
2901,33,1726226604644
2877,32.9375,1726226606735
2895,32.875,1726226608826
2893,32.875,1726226611137
2895,32.875,1726226613357
2896,32.875,1726226615445
2893,32.9375,1726226617569
2883,32.875,1726226619675
2896,32.875,1726226621772
2896,32.9375,1726226623854
2884,32.9375,1726226625941
2889,32.875,1726226628033
2883,32.875,1726226630119
2902,32.875,1726226632202
2885,32.9375,1726226634284
2884,32.9375,1726226636372
2878,32.875,1726226638480
2886,32.875,1726226640564
2886,32.875,1726226642648
2890,32.9375,1726226644729
2893,32.9375,1726226646828
2885,32.875,1726226648916
2886,32.9375,1726226651003
2896,32.875,1726226653109
2895,32.9375,1726226655214
2880,32.9375,1726226657307
2896,32.875,1726226659396
2891,32.875,1726226661482
2895,32.875,1726226663599
2889,32.9375,1726226665684
2881,32.875,1726226667769
2895,32.875,1726226669855
2887,32.875,1726226673095
2895,32.875,1726226674175
2890,32.9375,1726226676266
2891,32.9375,1726226678364
2884,32.9375,1726226680455
2896,32.875,1726226682554
2885,32.875,1726226684657
2875,32.9375,1726226686782
2893,32.875,1726226688921
2884,32.9375,1726226691024
2890,32.9375,1726226693110
2880,32.875,1726226695216
2901,32.875,1726226697310
2895,32.9375,1726226699413
2896,32.9375,1726226701512
2877,32.875,1726226703618
2899,32.875,1726226706098
2897,32.875,1726226708185
2892,32.8125,1726226710448
2895,32.875,1726226712549
2894,32.9375,1726226714633
2896,32.875,1726226716777
2883,32.875,1726226718872
2892,32.9375,1726226722125
2896,32.875,1726226723376
2895,32.9375,1726226725468
2889,32.875,1726226727641
2897,32.875,1726226729767
2889,32.875,1726226733146
2895,32.875,1726226734237
2886,32.9375,1726226736325
2887,32.8125,1726226738488
2896,32.875,1726226740574
2895,32.9375,1726226742676
2889,32.875,1726226744788
2887,32.875,1726226746873
2881,32.875,1726226748970
2894,32.9375,1726226751069
2881,32.875,1726226753172
2883,32.8125,1726226755282
2896,32.875,1726226757540
2879,32.875,1726226759649
2891,32.9375,1726226761739
2897,32.875,1726226763921
2894,32.9375,1726226766048
2886,32.875,1726226768138
2903,32.875,1726226770223
2898,32.875,1726226772320
2895,32.9375,1726226774415
2882,32.875,1726226776527
2887,32.875,1726226778608
2899,32.875,1726226780695
2877,32.875,1726226782776
2886,32.875,1726226784862
2885,32.875,1726226787022
2902,32.8125,1726226789277
2883,32.875,1726226791370
2889,32.8125,1726226793587
2896,32.875,1726226795673
2889,32.9375,1726226797759
2899,32.8125,1726226799941
2896,32.875,1726226802023
2896,32.8125,1726226804243
2893,32.9375,1726226806325
2875,32.9375,1726226808409
2895,32.875,1726226810782
2890,32.875,1726226813025
2893,32.875,1726226815286
2902,32.875,1726226817408
2896,32.9375,1726226819492
2895,32.8125,1726226821639
2898,32.875,1726226824133
2895,32.9375,1726226826214
2896,32.9375,1726226828305
2890,32.875,1726226830383
2891,32.875,1726226832463
2901,32.8125,1726226834746
2896,32.875,1726226836824
2893,32.9375,1726226838909
2895,32.9375,1726226840992
2893,32.875,1726226843081
2896,32.8125,1726226845167
2887,32.8125,1726226847434
2896,32.8125,1726226849692
2882,32.875,1726226851777
2907,32.9375,1726226853879
2899,32.8125,1726226856252
2896,32.875,1726226858376
2891,32.875,1726226860469
2877,32.8125,1726226862568
2895,32.8125,1726226864660
2886,32.875,1726226866836
2886,32.8125,1726226868925
2893,32.8125,1726226871017
2896,32.875,1726226873120
2895,32.8125,1726226875329
2892,32.875,1726226877414
2893,32.875,1726226879510
2885,32.8125,1726226881615
2892,32.8125,1726226883713
2891,32.875,1726226886090
2886,32.9375,1726226889681
2885,32.9375,1726226890416
2896,32.8125,1726226892497
2895,32.875,1726226894611
2896,32.875,1726226896691
2883,32.8125,1726226898840
2895,32.875,1726226900931
2897,32.8125,1726226903144
2886,32.875,1726226905234
2891,32.875,1726226907314
2899,32.875,1726226909400
2880,32.875,1726226911746
2889,32.875,1726226913841
2882,32.875,1726226915929
2890,32.9375,1726226918016
2893,32.875,1726226920099
2893,32.875,1726226922189
2890,32.875,1726226924276
2893,32.875,1726226926357
2905,32.9375,1726226928437
2881,32.875,1726226930548
2902,32.8125,1726226932644
2895,32.875,1726226934729
2895,32.875,1726226936807
2898,32.9375,1726226938887
2893,32.875,1726226940970
2890,32.8125,1726226943065
2902,32.875,1726226945168
2896,32.9375,1726226947274
2879,32.875,1726226949365
2896,32.8125,1726226951471
2887,32.875,1726226953737
2894,32.875,1726226955817
2883,32.875,1726226957901
2898,32.9375,1726226959983
2893,32.875,1726226962167
2887,32.9375,1726226964260
2880,32.9375,1726226966347
2891,32.875,1726226968428
2893,32.875,1726226971732
2895,32.875,1726226973008
2891,32.875,1726226975101
2896,32.9375,1726226977211
2885,32.875,1726226979300
2882,32.875,1726226981386
2885,32.8125,1726226983631
2883,32.875,1726226985712
2890,32.9375,1726226987885
2892,32.875,1726226989972
2901,32.9375,1726226992070
2882,32.875,1726226994317
2895,32.9375,1726226996403
2893,32.9375,1726226998528
2891,32.8125,1726227000618
2893,32.8125,1726227002917
2893,32.9375,1726227005001
2890,32.875,1726227007136
2899,32.875,1726227009453
2886,32.875,1726227011536
2896,32.9375,1726227013625
2905,32.875,1726227015795
2895,32.875,1726227018041
2894,32.875,1726227020129
2880,32.9375,1726227022216
2896,32.9375,1726227024295
2896,32.9375,1726227026547
2882,32.875,1726227028631
2896,32.875,1726227030715
2893,32.8125,1726227032996
2907,32.875,1726227035075
2896,32.8125,1726227037295
2890,32.875,1726227039379
2889,32.875,1726227041624
2880,32.8125,1726227043840
2883,32.875,1726227045927
2885,32.9375,1726227048011
2893,32.875,1726227050192
2896,32.875,1726227052450
2896,32.875,1726227054902
2891,32.875,1726227057164
2896,32.875,1726227059249
2897,32.9375,1726227061342
2892,32.9375,1726227063435
2880,33,1726227069759
2891,32.9375,1726227070919
2896,32.875,1726227072511
2884,32.875,1726227074593
2891,32.8125,1726227076812
2895,32.875,1726227078892
2887,32.875,1726227081112
2885,32.875,1726227084330
2882,32.875,1726227085472
2897,32.9375,1726227087552
2896,32.875,1726227089746
2887,32.9375,1726227091822
2894,32.9375,1726227093900
2896,32.875,1726227096077
2905,32.9375,1726227098156
2896,32.875,1726227100363
2885,32.875,1726227102442
2894,32.875,1726227104665
2891,32.9375,1726227106741
2906,32.875,1726227108967
2894,32.875,1726227111059
2891,32.9375,1726227113149
2880,32.9375,1726227115228
2880,32.9375,1726227117346
2887,32.875,1726227119439
2891,32.9375,1726227121517
2886,32.9375,1726227123594
2887,32.9375,1726227125693
2885,32.875,1726227127769
2897,32.875,1726227129857
2890,32.9375,1726227132139
2908,32.9375,1726227134214
2885,32.9375,1726227136295
2878,32.9375,1726227138382
2883,32.875,1726227140463
2886,32.875,1726227142616
2886,32.9375,1726227144742
2892,32.875,1726227147088
2896,32.9375,1726227149165
2896,32.9375,1726227151243
2887,32.9375,1726227153321
2879,32.875,1726227155428
2895,32.8125,1726227157510
2895,32.875,1726227159619
2881,32.875,1726227161718
2890,32.875,1726227163907
2889,32.9375,1726227165998
2885,32.9375,1726227168077
2887,32.875,1726227170171
2889,32.9375,1726227172331
2889,32.875,1726227174502
2896,32.875,1726227176579
2889,32.8125,1726227178801
2894,32.8125,1726227181056
2885,32.875,1726227183146
2896,32.9375,1726227185224
2891,32.9375,1726227187301
2896,32.875,1726227189659
2891,32.875,1726227191912
2885,32.9375,1726227193990
2884,32.9375,1726227196065
2891,32.9375,1726227198154
2895,32.9375,1726227200390
2896,32.9375,1726227202527
2896,32.9375,1726227204656
2891,32.9375,1726227206741
2893,32.875,1726227208973
2896,33,1726227211065
2879,32.9375,1726227213175
2896,32.875,1726227215281
2896,32.9375,1726227217371
2896,32.9375,1726227219455
2881,32.9375,1726227221532
2883,32.875,1726227223616
2896,32.875,1726227225701
2899,32.9375,1726227227793
2891,32.9375,1726227229896
2890,32.9375,1726227231976
2898,32.875,1726227234096
2897,32.875,1726227236175
2896,32.9375,1726227238252
2894,32.9375,1726227240332
2894,32.875,1726227242700
2890,32.875,1726227244955
2892,32.875,1726227247031
2896,32.9375,1726227249111
2903,32.9375,1726227251787
2896,32.875,1726227253370
2895,32.875,1726227255449
2896,32.9375,1726227257529
2896,32.9375,1726227259610
2887,32.9375,1726227261700
2883,32.875,1726227263782
2883,32.875,1726227265867
2896,32.875,1726227267949
2879,32.9375,1726227270119
2889,32.875,1726227272207
2880,32.875,1726227274454
2892,32.9375,1726227276566
2879,32.9375,1726227278823
2896,32.9375,1726227280913
2883,33,1726227283114
2889,33,1726227285220
2891,32.875,1726227287555
2889,32.875,1726227289635
2895,32.875,1726227291857
2896,32.9375,1726227293940
2890,32.9375,1726227296019
2893,32.875,1726227298199
2894,32.875,1726227300291
2896,32.9375,1726227302439
2891,32.875,1726227304558
2894,32.9375,1726227306634
2895,32.9375,1726227308730
2892,32.9375,1726227310811
2894,32.875,1726227313154
2887,32.9375,1726227315243
2891,32.9375,1726227317332
2880,32.9375,1726227319444
2883,32.875,1726227321524
2878,32.9375,1726227323887
2883,32.9375,1726227325975
2896,32.875,1726227328107
2896,32.875,1726227330197
2890,32.9375,1726227332291
1988,32.9375,1726227334495
2905,32.9375,1726227336581
2919,32.9375,1726227338664
2900,32.9375,1726227340751
2919,32.875,1726227342832
2913,32.875,1726227345111
2912,32.875,1726227347371
2922,32.875,1726227349616
2909,32.875,1726227351701
2908,32.9375,1726227353796
2909,32.9375,1726227355891
2907,32.875,1726227358057
2890,32.9375,1726227360168
2908,32.9375,1726227362251
2913,32.875,1726227364343
2898,32.875,1726227366425
2911,32.9375,1726227368504
2907,32.9375,1726227370588
2898,32.9375,1726227372678
2899,32.875,1726227374787
2905,32.9375,1726227376884
2912,32.9375,1726227383561
2896,33,1726227388392
2899,33,1726227393391
2895,32.9375,1726227393971
2906,32.875,1726227396051
2899,32.875,1726227398131
2908,32.875,1726227400214
2914,32.9375,1726227402295
2923,32.9375,1726227404373
2911,32.875,1726227406579
2910,32.9375,1726227408679
2907,32.875,1726227411051
2921,32.875,1726227413135
2914,32.9375,1726227415233
2901,32.9375,1726227417405
2915,32.9375,1726227419485
2907,32.9375,1726227421760
2917,32.875,1726227423991
2911,32.9375,1726227426088
2906,32.9375,1726227428171
2895,32.875,1726227430250
2906,32.875,1726227432839
2917,32.9375,1726227434508
2898,33,1726227436647
2907,32.9375,1726227438744
2903,32.9375,1726227440828
2901,32.8125,1726227442971
2897,33,1726227445048
2907,32.9375,1726227447125
2903,32.9375,1726227449214
2896,32.9375,1726227451307
2912,32.875,1726227453431
2914,32.875,1726227455510
2901,33,1726227457587
2911,32.9375,1726227459666
2903,32.875,1726227462043
2905,32.875,1726227464120
2912,32.875,1726227466197
2909,33,1726227468278
2905,32.875,1726227470650
2909,32.9375,1726227472908
2912,32.9375,1726227475008
2911,32.9375,1726227477089
2909,32.875,1726227479451
2911,32.9375,1726227481531
2915,32.9375,1726227483607
2909,33,1726227485737
2910,32.9375,1726227487819
2907,32.875,1726227489896
2924,32.9375,1726227492148
2910,32.9375,1726227494226
2900,32.9375,1726227496303
2909,32.9375,1726227498392
2901,32.9375,1726227500470
2906,32.9375,1726227502566
2897,32.875,1726227504846
2907,32.9375,1726227506925
2912,32.9375,1726227509008
2910,33,1726227511639
2915,32.875,1726227513218
2913,32.9375,1726227516947
2897,32.9375,1726227517525
2908,32.9375,1726227519640
2906,33,1726227521721
2906,32.875,1726227523894
2911,32.9375,1726227525972
2908,32.9375,1726227528052
2915,33,1726227530131
2905,32.9375,1726227532230
2898,32.9375,1726227534310
2910,32.875,1726227536393
2910,32.9375,1726227538473
2913,33,1726227540552
2907,33,1726227542634
2897,32.875,1726227544784
2903,32.9375,1726227547073
2911,33,1726227549178
2913,32.875,1726227551337
2911,33,1726227553441
2917,33,1726227555524
2905,32.9375,1726227557619
2911,32.9375,1726227559776
2907,32.9375,1726227561871
2900,32.9375,1726227563976
2895,32.875,1726227566056
2909,32.9375,1726227568136
2896,32.875,1726227570385
2908,32.9375,1726227572473
2899,32.9375,1726227574568
2895,32.9375,1726227576668
2912,32.875,1726227578752
2910,32.875,1726227580860
2907,32.875,1726227583083
2903,32.9375,1726227585161
2910,32.9375,1726227587239
2899,32.9375,1726227589317
2903,32.9375,1726227591419
2913,32.875,1726227593497
2898,32.875,1726227595577
2902,32.9375,1726227597657
2898,33,1726227599874
2907,32.9375,1726227601961
2907,32.9375,1726227604062
2915,32.9375,1726227606260
2906,32.9375,1726227608338
2908,32.9375,1726227610420
2900,32.875,1726227612811
2896,32.9375,1726227614886
2919,32.9375,1726227616962
2901,32.875,1726227619338
2910,32.875,1726227621442
2902,32.875,1726227623676
2909,32.9375,1726227625787
2903,32.875,1726227628137
2903,32.9375,1726227630227
2908,32.9375,1726227632307
2906,32.9375,1726227634388
2911,32.875,1726227636584
2910,32.9375,1726227638705
2897,32.9375,1726227640782
2902,32.875,1726227642859
2910,32.875,1726227644937
2909,32.875,1726227647183
2907,32.875,1726227649437
2899,32.875,1726227651513
2895,32.9375,1726227653591
2923,32.9375,1726227655669
2903,32.9375,1726227657880
2913,32.875,1726227660085
2910,32.9375,1726227662162
2907,32.9375,1726227664239
2914,32.9375,1726227666316
2901,32.875,1726227668687
2907,32.9375,1726227670766
2911,32.9375,1726227672842
2918,32.9375,1726227674919
2903,32.9375,1726227677011
2910,32.875,1726227679090
2917,32.9375,1726227681166
2907,32.9375,1726227683265
2887,32.9375,1726227685340
2911,32.9375,1726227687418
2893,32.8125,1726228795660,0.7064713064713065,68.79122018665743
2903,32.75,1726228797738,0.708913308913309,68.10127454357561
2908,32.75,1726228799818,0.7101343101343102,67.75808115543327
2907,32.8125,1726228801896,0.7098901098901099,67.82662538699691
2903,32.8125,1726228803978,0.708913308913309,68.10127454357561
2902,32.75,1726228806152,0.7086691086691087,68.17005513439005
2913,32.75,1726228808237,0.7113553113553114,67.4160659114315
2899,32.8125,1726228810335,0.707936507936508,68.37668161434976
2903,32.75,1726228812505,0.708913308913309,68.10127454357561
2908,32.75,1726228814587,0.7101343101343102,67.75808115543327
2908,32.8125,1726228816682,0.7101343101343102,67.75808115543327
2902,32.8125,1726228818759,0.7086691086691087,68.17005513439005
2901,32.75,1726228821103,0.7084249084249085,68.23888314374352
2911,32.8125,1726228823184,0.7108669108669109,67.55273102026794
2910,32.75,1726228825404,0.7106227106227107,67.62113402061854
2897,32.75,1726228827487,0.7074481074481075,68.51467034863651
2901,32.8125,1726228829585,0.7084249084249085,68.23888314374352
2897,32.8125,1726228831697,0.7074481074481075,68.51467034863651
2914,32.8125,1726228833790,0.7115995115995116,67.34780370624571
2897,32.75,1726229152411,0.71,68.51
2910,32.6875,1726229154529,0.71,67.62
2907,32.75,1726229156626,0.71,67.83
2913,32.8125,1726229158706,0.71,67.42
2910,32.75,1726229161107,0.71,67.62
2901,32.8125,1726229163283,0.71,68.24
2901,32.75,1726229165403,0.71,68.24
2892,32.8125,1726229167493,0.71,68.86
2907,32.75,1726229169604,0.71,67.83
2886,32.75,1726229171702,0.70,69.28
2889,32.75,1726229173800,0.71,69.07
2880,32.8125,1726229175880,0.70,69.70
2896,32.75,1726229178079,0.71,68.58
2895,32.75,1726229180160,0.71,68.65
2895,32.6875,1726229182399,0.71,68.65
2896,32.6875,1726229184858,0.71,68.58
1331,32.75,1726229186935,0.33,303.84
1328,32.75,1726229189017,0.32,304.83
2897,32.75,1726229191215,0.71,68.51
2896,32.6875,1726229193437,0.71,68.58
2890,32.75,1726229195517,0.71,69.00
1161,32.75,1726229197594,0.28,367.59
2894,32.8125,1726229199684,0.71,68.72
2899,32.8125,1726229201923,0.71,68.38
2864,32.75,1726229204017,0.70,70.82
2894,32.6875,1726229206349,0.71,68.72
2885,32.75,1726229208429,0.70,69.35
2896,32.8125,1726229210512,0.71,68.58
2912,32.6875,1726229212888,0.71,67.48
2881,32.75,1726229215160,0.70,69.63
2894,32.75,1726229217396,0.71,68.72
2884,32.75,1726229219479,0.70,69.42
2896,32.8125,1726229221557,0.71,68.58
2890,32.8125,1726229223667,0.71,69.00
2890,32.75,1726229225791,0.71,69.00
2896,32.75,1726229228048,0.71,68.58
2891,32.75,1726229230131,0.71,68.93
2889,32.8125,1726229232226,0.71,69.07
2895,32.75,1726229234395,0.71,68.65
2886,32.75,1726229236475,0.70,69.28
2896,32.75,1726229239015,0.71,68.58
2887,32.8125,1726229240593,0.71,69.21
2888,32.75,1726229242671,0.71,69.14
2895,32.75,1726229244761,0.71,68.65
2885,32.75,1726229246839,0.70,69.35
2892,32.6875,1726229248941,0.71,68.86
2901,32.75,1726229251033,0.71,68.24
2884,32.8125,1726229253118,0.70,69.42
2885,32.75,1726229255216,0.70,69.35
2877,32.75,1726229257294,0.70,69.91
2896,32.75,1726229259377,0.71,68.58
2897,32.6875,1726229261636,0.71,68.51
2894,32.75,1726229263721,0.71,68.72
2887,32.75,1726229265819,0.71,69.21
2893,32.75,1726229267981,0.71,68.79
2893,32.75,1726229270069,0.71,68.79
2883,32.75,1726229272147,0.70,69.49
2895,32.75,1726229274332,0.71,68.65
2896,32.6875,1726229276408,0.71,68.58
2890,32.8125,1726229278510,0.71,69.00
2889,32.75,1726229280618,0.71,69.07
2887,32.75,1726229282695,0.71,69.21
2897,32.75,1726229284779,0.71,68.51
2896,32.75,1726229286883,0.71,68.58
2895,32.75,1726229288986,0.71,68.65
2880,32.75,1726229291064,0.70,69.70
2885,32.75,1726229293145,0.70,69.35
2895,32.6875,1726229295430,0.71,68.65
2885,32.6875,1726229297697,0.70,69.35
2891,32.75,1726229299773,0.71,68.93
2891,32.8125,1726229301850,0.71,68.93
2889,32.75,1726229303933,0.71,69.07
2889,32.75,1726229306010,0.71,69.07
2889,32.75,1726229308085,0.71,69.07
2891,32.6875,1726229310164,0.71,68.93
2898,32.6875,1726229312248,0.71,68.45
2896,32.75,1726229314324,0.71,68.58
2901,32.75,1726229316401,0.71,68.24
2891,32.75,1726229318478,0.71,68.93
2896,32.75,1726229320557,0.71,68.58
2889,32.6875,1726229322638,0.71,69.07
2903,32.6875,1726229324922,0.71,68.10
2898,32.75,1726229327020,0.71,68.45
2896,32.75,1726229329095,0.71,68.58
2889,32.75,1726229331173,0.71,69.07
2890,32.6875,1726229333272,0.71,69.00
2891,32.6875,1726229335349,0.71,68.93
2888,32.75,1726229337443,0.71,69.14
2895,32.75,1726229339520,0.71,68.65
2895,32.75,1726229341597,0.71,68.65
2883,32.75,1726229343691,0.70,69.49
2891,32.6875,1726229345781,0.71,68.93
2899,32.6875,1726229347858,0.71,68.38
2896,32.75,1726229349944,0.71,68.58
2901,32.75,1726229352021,0.71,68.24
2886,32.75,1726229354100,0.70,69.28
2894,32.6875,1726229356464,0.71,68.72
2883,32.6875,1726229358541,0.70,69.49
2895,32.75,1726229360621,0.71,68.65
2896,32.75,1726229362703,0.71,68.58
2896,32.6875,1726229364855,0.71,68.58
2886,32.6875,1726229366943,0.70,69.28
2896,32.75,1726229369024,0.71,68.58
2883,32.6875,1726229371204,0.70,69.49
2903,32.6875,1726229373298,0.71,68.10
2896,32.75,1726229375378,0.71,68.58
2891,32.6875,1726229377498,0.71,68.93
2896,32.625,1726229379578,0.71,68.58
2890,32.6875,1726229381655,0.71,69.00
2894,32.6875,1726229383755,0.71,68.72
2894,32.75,1726229385833,0.71,68.72
2890,32.6875,1726229387928,0.71,69.00
2891,32.6875,1726229390010,0.71,68.93
2895,32.6875,1726229392091,0.71,68.65
2891,32.6875,1726229394201,0.71,68.93
2887,32.75,1726229396279,0.71,69.21
2887,32.6875,1726229398373,0.71,69.21
2889,32.6875,1726229400450,0.71,69.07
2890,32.6875,1726229402529,0.71,69.00
2895,32.6875,1726229404645,0.71,68.65
2896,32.6875,1726229406723,0.71,68.58
2891,32.6875,1726229408819,0.71,68.93
2903,32.625,1726229410913,0.71,68.10
2885,32.6875,1726229413041,0.70,69.35
2893,32.75,1726229415118,0.71,68.79
2891,32.75,1726229417197,0.71,68.93
2877,32.6875,1726229419597,0.70,69.91
2883,32.75,1726229421680,0.70,69.49
2891,32.75,1726229423775,0.71,68.93
2885,32.625,1726229425857,0.70,69.35
2893,32.625,1726229427938,0.71,68.79
2898,32.6875,1726229430018,0.71,68.45
2897,32.6875,1726229432097,0.71,68.51
2883,32.75,1726229434178,0.70,69.49
2893,32.6875,1726229436263,0.71,68.79
2889,32.625,1726229438345,0.71,69.07
2895,32.625,1726229440430,0.71,68.65
2885,32.6875,1726229442521,0.70,69.35
2898,32.75,1726229444600,0.71,68.45
2885,32.6875,1726229446710,0.70,69.35
2887,32.625,1726229448818,0.71,69.21
2899,32.625,1726229450900,0.71,68.38
2886,32.6875,1726229452983,0.70,69.28
2895,32.6875,1726229455072,0.71,68.65
2885,32.6875,1726229457158,0.70,69.35
2880,32.6875,1726229459271,0.70,69.70
2896,32.625,1726229461374,0.71,68.58
2897,32.625,1726229649803,0.71,68.51
2891,32.6875,1726229651882,0.71,68.93
2883,32.625,1726229653966,0.70,69.49
2881,32.625,1726229656045,0.70,69.63
2890,32.5625,1726229658126,0.71,69.00
2895,32.625,1726229660212,0.71,68.65
2895,32.625,1726229662289,0.71,68.65
2894,32.6875,1726229664365,0.71,68.72
2892,32.625,1726229666523,0.71,68.86
2881,32.625,1726229668609,0.70,69.63
2906,32.6875,1726229670689,0.71,67.90
2893,32.6875,1726229672769,0.71,68.79
2882,32.6875,1726229674853,0.70,69.56
2885,32.625,1726229676934,0.70,69.35
2895,32.625,1726229679014,0.71,68.65
2891,32.625,1726229681101,0.71,68.93
2910,32.625,1726229683177,0.71,67.62
2890,32.6875,1726229685256,0.71,69.00
2899,32.625,1726229687422,0.71,68.38
2890,32.625,1726229689516,0.71,69.00
1323,32.6875,1726229691607,0.32,306.48
2834,32.625,1726229693690,0.69,72.96
2835,32.625,1726229695769,0.69,72.89
2829,32.625,1726229697873,0.69,73.32
2833,32.6875,1726229699951,0.69,73.03
2828,32.6875,1726229702030,0.69,73.39
2831,32.6875,1726229704111,0.69,73.18
2831,32.6875,1726229706189,0.69,73.18
2835,32.625,1726229708269,0.69,72.89
2837,32.6875,1726229710397,0.69,72.74
2837,32.6875,1726229712479,0.69,72.74
2838,32.6875,1726229714555,0.69,72.67
2829,32.6875,1726229716636,0.69,73.32
2832,32.625,1726229718716,0.69,73.11
2833,32.625,1726229721000,0.69,73.03
2819,32.625,1726229723080,0.69,74.05
2832,32.6875,1726229725157,0.69,73.11
2839,32.6875,1726229727236,0.69,72.60
2831,32.6875,1726229729319,0.69,73.18
2829,32.625,1726229731446,0.69,73.32
2833,32.625,1726229733528,0.69,73.03
2833,32.6875,1726229735607,0.69,73.03
2822,32.6875,1726229737685,0.69,73.83
2819,32.6875,1726229739764,0.69,74.05
2825,32.625,1726229741851,0.69,73.61
2832,32.625,1726229743939,0.69,73.11
2834,32.6875,1726229746017,0.69,72.96
2832,32.6875,1726229748094,0.69,73.11
2827,32.6875,1726229750172,0.69,73.47
2823,32.6875,1726229752257,0.69,73.76
2830,32.625,1726229754336,0.69,73.25
2830,32.625,1726229756647,0.69,73.25
2831,32.625,1726229758722,0.69,73.18
2832,32.6875,1726229760802,0.69,73.11
2832,32.6875,1726229762883,0.69,73.11
2821,32.6875,1726229764962,0.69,73.90
2826,32.625,1726229767043,0.69,73.54
2830,32.625,1726229769123,0.69,73.25
2831,32.625,1726229771204,0.69,73.18
2836,32.625,1726229773436,0.69,72.82
2832,32.6875,1726229775514,0.69,73.11
2837,32.6875,1726229777593,0.69,72.74
2846,32.6875,1726229779678,0.69,72.10
2832,32.6875,1726229781759,0.69,73.11
2826,32.625,1726229783841,0.69,73.54
2833,32.625,1726229785923,0.69,73.03
2834,32.625,1726229788001,0.69,72.96
2837,32.6875,1726229790078,0.69,72.74
2832,32.6875,1726229792157,0.69,73.11
2812,32.625,1726229794241,0.69,74.56
2817,32.625,1726229796321,0.69,74.19
2835,32.625,1726229798402,0.69,72.89
2833,32.625,1726229800742,0.69,73.03
2832,32.6875,1726229802822,0.69,73.11
2835,32.625,1726229804904,0.69,72.89
2832,32.625,1726229806985,0.69,73.11
2842,32.625,1726229809067,0.69,72.39
2832,32.625,1726229811150,0.69,73.11
2833,32.6875,1726229813232,0.69,73.03
2833,32.6875,1726229815311,0.69,73.03
2829,32.6875,1726229817397,0.69,73.32
2822,32.625,1726229819477,0.69,73.83
2832,32.5625,1726229821558,0.69,73.11
2837,32.625,1726229823644,0.69,72.74
2843,32.6875,1726229825724,0.69,72.31
2829,32.6875,1726229827805,0.69,73.32
2832,32.625,1726229829972,0.69,73.11
2827,32.625,1726229832053,0.69,73.47
2833,32.6875,1726229834132,0.69,73.03
2833,32.6875,1726229836216,0.69,73.03
2822,32.625,1726229838303,0.69,73.83
2827,32.625,1726229840383,0.69,73.47
2832,32.5625,1726229842465,0.69,73.11
2817,32.625,1726229844546,0.69,74.19
2833,32.6875,1726229846624,0.69,73.03
2834,32.5625,1726229848814,0.69,72.96
2830,32.625,1726229850894,0.69,73.25
2832,32.6875,1726229852974,0.69,73.11
2832,32.6875,1726229855057,0.69,73.11
2829,32.625,1726229857402,0.69,73.32
2832,32.625,1726229859664,0.69,73.11
2830,32.625,1726229861742,0.69,73.25
2843,32.6875,1726229863822,0.69,72.31
2829,32.625,1726229866023,0.69,73.32
2823,32.625,1726229868105,0.69,73.76
2832,32.625,1726229870183,0.69,73.11
2829,32.6875,1726229872264,0.69,73.32
2834,32.625,1726229874345,0.69,72.96
2832,32.5625,1726229876651,0.69,73.11
2832,32.625,1726229878733,0.69,73.11
2832,32.625,1726229880812,0.69,73.11
2815,32.6875,1726229882895,0.69,74.34
2832,32.5625,1726229885050,0.69,73.11
2829,32.625,1726229887130,0.69,73.32
2820,32.625,1726229889209,0.69,73.98
2832,32.625,1726229891294,0.69,73.11
2837,32.625,1726229893381,0.69,72.74
2821,32.5625,1726229895460,0.69,73.90
2832,32.625,1726229897540,0.69,73.11
2837,32.5625,1726229899623,0.69,72.74
2835,32.625,1726229901703,0.69,72.89
2837,32.625,1726229903785,0.69,72.74
2832,32.5625,1726229905943,0.69,73.11
2833,32.625,1726229908023,0.69,73.03
2832,32.625,1726229910106,0.69,73.11
2841,32.6875,1726229912186,0.69,72.46
2826,32.625,1726229914268,0.69,73.54
2829,32.625,1726229916349,0.69,73.32
2829,32.625,1726229918431,0.69,73.32
2834,32.625,1726229920684,0.69,72.96
2817,32.625,1726229922765,0.69,74.19
2834,32.625,1726229924842,0.69,72.96
2847,32.6875,1726229926922,0.70,72.03
2828,32.625,1726229929000,0.69,73.39
2826,32.625,1726229931081,0.69,73.54
2835,32.625,1726229933165,0.69,72.89
2820,32.625,1726229935247,0.69,73.98
2831,32.6875,1726229937327,0.69,73.18
2832,32.6875,1726229939406,0.69,73.11
2826,32.6875,1726229941489,0.69,73.54
2815,32.625,1726229943575,0.69,74.34
2838,32.625,1726229945659,0.69,72.67
2834,32.625,1726229947742,0.69,72.96
2829,32.6875,1726229950036,0.69,73.32
2838,32.625,1726229952224,0.69,72.67
2837,32.625,1726229954304,0.69,72.74
2833,32.6875,1726229956382,0.69,73.03
2835,32.625,1726229958462,0.69,72.89
2836,32.5625,1726229960622,0.69,72.82
2832,32.625,1726229962705,0.69,73.11
2832,32.6875,1726229964784,0.69,73.11
2820,32.6875,1726229966886,0.69,73.98
2827,32.625,1726229968969,0.69,73.47
2839,32.625,1726229971054,0.69,72.60
2828,32.625,1726229973137,0.69,73.39
2832,32.625,1726229975219,0.69,73.11
2832,32.6875,1726229977306,0.69,73.11
2827,32.625,1726229979467,0.69,73.47
2846,32.625,1726229981813,0.69,72.10
2832,32.625,1726229983970,0.69,73.11
2832,32.625,1726229986048,0.69,73.11
2827,32.625,1726229988125,0.69,73.47
2834,32.6875,1726229990201,0.69,72.96
2821,32.625,1726229992365,0.69,73.90
2829,32.625,1726229994444,0.69,73.32
2832,32.625,1726229996525,0.69,73.11
2832,32.6875,1726229998606,0.69,73.11
2839,32.625,1726230000758,0.69,72.60
2827,32.625,1726230002842,0.69,73.47
2829,32.6875,1726230004919,0.69,73.32
2834,32.625,1726230006997,0.69,72.96
2832,32.625,1726230009191,0.69,73.11
2830,32.625,1726230011266,0.69,73.25
2823,32.6875,1726230013344,0.69,73.76
2826,32.6875,1726230015424,0.69,73.54
2827,32.625,1726230017507,0.69,73.47
2831,32.625,1726230019584,0.69,73.18
2834,32.625,1726230021661,0.69,72.96
2827,32.625,1726230023740,0.69,73.47
2832,32.625,1726230025816,0.69,73.11
2822,32.625,1726230027895,0.69,73.83
2823,32.625,1726230029987,0.69,73.76
2828,32.5625,1726230032064,0.69,73.39
2832,32.625,1726230034144,0.69,73.11
2829,32.625,1726230036224,0.69,73.32
2833,32.625,1726230038299,0.69,73.03
2837,32.625,1726230040379,0.69,72.74
2826,32.5625,1726230042555,0.69,73.54
2831,32.625,1726230044631,0.69,73.18
2832,32.625,1726230046718,0.69,73.11
2833,32.625,1726230048796,0.69,73.03
2827,32.5625,1726230050875,0.69,73.47
2829,32.5625,1726230052953,0.69,73.32
2837,32.5625,1726230055032,0.69,72.74
2829,32.5625,1726230057113,0.69,73.32
2832,32.625,1726230059194,0.69,73.11
2837,32.625,1726230061276,0.69,72.74
2822,32.625,1726230063359,0.69,73.83
2816,32.625,1726230065438,0.69,74.27
2832,32.5625,1726230067519,0.69,73.11
2831,32.5625,1726230069599,0.69,73.18
2828,32.625,1726230071678,0.69,73.39
2854,32.5625,1726230073895,0.70,71.53
2825,32.5625,1726230075972,0.69,73.61
2838,32.625,1726230078050,0.69,72.67
2834,32.5625,1726230080230,0.69,72.96
2832,32.625,1726230082306,0.69,73.11
2832,32.625,1726230084399,0.69,73.11
2834,32.625,1726230086480,0.69,72.96
2823,32.5625,1726230088554,0.69,73.76
2818,32.5625,1726230090650,0.69,74.12
2836,32.5625,1726230092730,0.69,72.82
2841,32.625,1726230094808,0.69,72.46
2830,32.625,1726230096898,0.69,73.25
2821,32.625,1726230098977,0.69,73.90
2817,32.5625,1726230101057,0.69,74.19
2829,32.5625,1726230103138,0.69,73.32
2830,32.5625,1726230105216,0.69,73.25
2835,32.5625,1726230107295,0.69,72.89
2836,32.625,1726230109381,0.69,72.82
2832,32.625,1726230111459,0.69,73.11
2830,32.625,1726230113540,0.69,73.25
2829,32.5625,1726230115631,0.69,73.32
2832,32.625,1726230117737,0.69,73.11
2825,32.5625,1726230119957,0.69,73.61
2848,32.5625,1726230122035,0.70,71.96
2832,32.625,1726230124114,0.69,73.11
2829,32.625,1726230126203,0.69,73.32
2830,32.5625,1726230128351,0.69,73.25
2833,32.5625,1726230130432,0.69,73.03
2832,32.625,1726230132506,0.69,73.11
2830,32.625,1726230134585,0.69,73.25
2821,32.625,1726230136664,0.69,73.90
2832,32.5625,1726230138831,0.69,73.11
2826,32.625,1726230140915,0.69,73.54
2830,32.625,1726230142995,0.69,73.25
2829,32.5625,1726230145074,0.69,73.32
2831,32.5625,1726230147150,0.69,73.18
2832,32.5625,1726230149274,0.69,73.11
2839,32.5625,1726230151350,0.69,72.60
2838,32.625,1726230153428,0.69,72.67
2826,32.625,1726230155508,0.69,73.54
2819,32.5625,1726230157589,0.69,74.05
2832,32.5625,1726230159683,0.69,73.11
2830,32.5625,1726230162032,0.69,73.25
2829,32.5625,1726230164111,0.69,73.32
2831,32.5625,1726230166192,0.69,73.18
2823,32.5625,1726230168271,0.69,73.76
2835,32.5625,1726230170358,0.69,72.89
2831,32.5625,1726230172440,0.69,73.18
2832,32.5625,1726230174520,0.69,73.11
2832,32.5625,1726230176707,0.69,73.11
2839,32.5625,1726230178787,0.69,72.60
2835,32.5625,1726230180867,0.69,72.89
2825,32.5625,1726230182945,0.69,73.61
2825,32.5,1726230185285,0.69,73.61
2832,32.5625,1726230187367,0.69,73.11
2833,32.5625,1726230189445,0.69,73.03
2832,32.625,1726230191523,0.69,73.11
2816,32.625,1726230193603,0.69,74.27
2831,32.625,1726230195734,0.69,73.18
2831,32.5625,1726230197814,0.69,73.18
2818,32.625,1726230199904,0.69,74.12
2832,32.625,1726230201985,0.69,73.11
2825,32.5625,1726230204066,0.69,73.61
2834,32.5625,1726230206184,0.69,72.96
2829,32.5625,1726230208274,0.69,73.32
2834,32.625,1726230210352,0.69,72.96
2831,32.625,1726230212435,0.69,73.18
2823,32.5625,1726230214525,0.69,73.76
2833,32.5625,1726230216606,0.69,73.03
2836,32.5625,1726230218687,0.69,72.82
2832,32.625,1726230220774,0.69,73.11
2832,32.625,1726230222853,0.69,73.11
2827,32.625,1726230224932,0.69,73.47
2822,32.5625,1726230227013,0.69,73.83
2822,32.5625,1726230229090,0.69,73.83
2837,32.5625,1726230231170,0.69,72.74
2837,32.5625,1726230233248,0.69,72.74
2827,32.5625,1726230235336,0.69,73.47
2845,32.625,1726230237415,0.69,72.17
2825,32.625,1726230239494,0.69,73.61
2828,32.5625,1726230241587,0.69,73.39
2817,32.5,1726230243669,0.69,74.19
2841,32.625,1726230245746,0.69,72.46
2827,32.625,1726230247827,0.69,73.47
2831,32.625,1726230249907,0.69,73.18
2833,32.5625,1726230251987,0.69,73.03
2827,32.5625,1726230254073,0.69,73.47
2832,32.5625,1726230256153,0.69,73.11
2827,32.5625,1726230258232,0.69,73.47
2836,32.625,1726230260320,0.69,72.82
2827,32.5625,1726230262399,0.69,73.47
2819,32.5625,1726230264480,0.69,74.05
2845,32.5625,1726230266592,0.69,72.17
2822,32.5625,1726230268676,0.69,73.83
2831,32.5625,1726230270768,0.69,73.18
2825,32.625,1726230272855,0.69,73.61
2821,32.5625,1726230274935,0.69,73.90
2832,32.5625,1726230277036,0.69,73.11
2832,32.5625,1726230279286,0.69,73.11
2835,32.5625,1726230281546,0.69,72.89
2827,32.5625,1726230283624,0.69,73.47
2835,32.5625,1726230285703,0.69,72.89
2821,32.625,1726230287779,0.69,73.90
2827,32.5625,1726230289941,0.69,73.47
2841,32.5625,1726230292021,0.69,72.46
2832,32.5625,1726230294101,0.69,73.11
2839,32.625,1726230296181,0.69,72.60
2829,32.5625,1726230298263,0.69,73.32
2823,32.5625,1726230300341,0.69,73.76
2829,32.5,1726230302434,0.69,73.32
2831,32.625,1726230304513,0.69,73.18
2836,32.5625,1726230306594,0.69,72.82
1408,32.625,1726230308675,0.34,280.04
1858,32.5625,1726230310760,0.45,180.36
2826,32.5,1726230312841,0.69,73.54
2833,32.5,1726230314925,0.69,73.03
2837,32.5,1726230317006,0.69,72.74
2832,32.5625,1726230319084,0.69,73.11
2832,32.625,1726230321164,0.69,73.11
2831,32.5,1726230323322,0.69,73.18
2838,32.5625,1726230325574,0.69,72.67
2838,32.5625,1726230327827,0.69,72.67
2826,32.5625,1726230330087,0.69,73.54
2835,32.5625,1726230332166,0.69,72.89
2831,32.5625,1726230334245,0.69,73.18
2829,32.625,1726230336326,0.69,73.32
2834,32.5625,1726230338405,0.69,72.96
2832,32.5625,1726230340541,0.69,73.11
2832,32.5625,1726230342886,0.69,73.11
2832,32.5625,1726230344968,0.69,73.11
2829,32.5625,1726230347051,0.69,73.32
2827,32.5625,1726230349131,0.69,73.47
2832,32.5625,1726230351211,0.69,73.11
2826,32.5625,1726230353288,0.69,73.54
2832,32.625,1726230355365,0.69,73.11
2832,32.5625,1726230357523,0.69,73.11
2841,32.5625,1726230359605,0.69,72.46
2829,32.625,1726230361685,0.69,73.32
2826,32.625,1726230363767,0.69,73.54
2838,32.5,1726230366126,0.69,72.67
2837,32.5625,1726230368207,0.69,72.74
2830,32.5625,1726230370284,0.69,73.25
2833,32.625,1726230372362,0.69,73.03
2817,32.625,1726230374441,0.69,74.19
2830,32.625,1726230376520,0.69,73.25
2832,32.5625,1726230378833,0.69,73.11
2833,32.5625,1726230380913,0.69,73.03
2835,32.625,1726230383000,0.69,72.89
2832,32.625,1726230385081,0.69,73.11
2829,32.625,1726230387157,0.69,73.32
2829,32.5625,1726230389237,0.69,73.32
2842,32.5625,1726230391315,0.69,72.39
2837,32.5625,1726230393393,0.69,72.74
2832,32.625,1726230395470,0.69,73.11
2832,32.625,1726230397549,0.69,73.11
2823,32.625,1726230399630,0.69,73.76
2825,32.5625,1726230401716,0.69,73.61
2833,32.5625,1726230403797,0.69,73.03
2838,32.5625,1726230410192,0.69,72.67
2834,32.5625,1726230410768,0.69,72.96
2829,32.5,1726230413026,0.69,73.32
2834,32.5,1726230415105,0.69,72.96
2821,32.5625,1726230417181,0.69,73.90
2832,32.625,1726230419259,0.69,73.11
2826,32.5625,1726230421340,0.69,73.54
2824,32.5625,1726230423420,0.69,73.69
2837,32.5625,1726230425499,0.69,72.74
2835,32.5,1726230427579,0.69,72.89
2832,32.5625,1726230429658,0.69,73.11
2826,32.625,1726230431738,0.69,73.54
2832,32.625,1726230433818,0.69,73.11
2828,32.5625,1726230435898,0.69,73.39
2825,32.5625,1726230437992,0.69,73.61
2831,32.5625,1726230440071,0.69,73.18
2830,32.5625,1726230442148,0.69,73.25
2833,32.5625,1726230444232,0.69,73.03
2823,32.5625,1726230446312,0.69,73.76
2827,32.5625,1726230448390,0.69,73.47
2829,32.5625,1726230450472,0.69,73.32
2819,32.5,1726230452552,0.69,74.05
2835,32.5625,1726230454633,0.69,72.89
2831,32.5625,1726230456730,0.69,73.18
2831,32.625,1726230458809,0.69,73.18
2829,32.5625,1726230460886,0.69,73.32
2832,32.5,1726230462997,0.69,73.11
2832,32.5625,1726230465075,0.69,73.11
2845,32.5625,1726230467151,0.69,72.17
2820,32.5625,1726230469232,0.69,73.98
2818,32.625,1726230471312,0.69,74.12
2830,32.5625,1726230473395,0.69,73.25
2842,32.5,1726230475486,0.69,72.39
2836,32.5625,1726230477567,0.69,72.82
2829,32.625,1726230479644,0.69,73.32
2832,32.5625,1726230481722,0.69,73.11
2832,32.5625,1726230483799,0.69,73.11
2839,32.5,1726230485933,0.69,72.60
2839,32.5625,1726230488011,0.69,72.60
2841,32.5625,1726230490088,0.69,72.46
2822,32.625,1726230492167,0.69,73.83
2831,32.625,1726230494248,0.69,73.18
2832,32.5625,1726230496379,0.69,73.11
2838,32.5625,1726230498456,0.69,72.67
2830,32.5625,1726230500533,0.69,73.25
2833,32.625,1726230502607,0.69,73.03
2832,32.5625,1726230504686,0.69,73.11
2845,32.5,1726230506829,0.69,72.17
2838,32.5625,1726230508906,0.69,72.67
2831,32.625,1726230510981,0.69,73.18
2833,32.625,1726230513061,0.69,73.03
2824,32.625,1726230515139,0.69,73.69
2817,32.5625,1726230517281,0.69,74.19
2831,32.5625,1726230519357,0.69,73.18
2835,32.5625,1726230521439,0.69,72.89
2832,32.5625,1726230523808,0.69,73.11
2827,32.5625,1726230525885,0.69,73.47
2832,32.5625,1726230527982,0.69,73.11
2835,32.5625,1726230530197,0.69,72.89
2832,32.5625,1726230532274,0.69,73.11
2832,32.625,1726230534351,0.69,73.11
2835,32.625,1726230536429,0.69,72.89
2832,32.5,1726230538507,0.69,73.11
2843,32.5,1726230540616,0.69,72.31
2832,32.5,1726230542698,0.69,73.11
2847,32.625,1726230544777,0.70,72.03
3046,32.625,1726230546857,0.74,58.73
2928,32.5625,1726230548944,0.72,66.40
2929,32.5625,1726230551022,0.72,66.33
2928,32.5625,1726230553101,0.72,66.40
2928,32.625,1726230555181,0.72,66.40
2928,32.625,1726230557259,0.72,66.40
2939,32.625,1726230559335,0.72,65.66
2933,32.5625,1726230561504,0.72,66.06
2935,32.5625,1726230563582,0.72,65.93
2929,32.5625,1726230565659,0.72,66.33
2932,32.625,1726230567740,0.72,66.13
2943,32.5625,1726230569914,0.72,65.39
2934,32.5625,1726230572166,0.72,65.99
2935,32.5625,1726230574243,0.72,65.93
2928,32.625,1726230576332,0.72,66.40
2929,32.625,1726230578418,0.72,66.33
2931,32.5625,1726230580559,0.72,66.19
2937,32.5625,1726230582636,0.72,65.79
2931,32.5625,1726230584714,0.72,66.19
2935,32.625,1726230586796,0.72,65.93
2923,32.5625,1726230588875,0.71,66.74
2927,32.5625,1726230590998,0.71,66.46
2927,32.625,1726230593078,0.71,66.46
2931,32.625,1726230595155,0.72,66.19
2935,32.625,1726230597233,0.72,65.93
2941,32.625,1726230599312,0.72,65.52
2934,32.5625,1726230601392,0.72,65.99
2935,32.5,1726230603469,0.72,65.93
2932,32.5,1726230605549,0.72,66.13
2935,32.5625,1726230607627,0.72,65.93
2927,32.5625,1726230609709,0.71,66.46
2922,32.5625,1726230611789,0.71,66.80
2927,32.5625,1726230613868,0.71,66.46
2926,32.5,1726230615944,0.71,66.53
2905,32.5,1726230618022,0.71,67.96
2944,32.5,1726230620100,0.72,65.32
2913,32.5625,1726230622176,0.71,67.42
2905,32.5625,1726230624253,0.71,67.96
2914,32.5,1726230626428,0.71,67.35
2962,32.5625,1726230628505,0.72,64.13
2893,32.5625,1726230630581,0.71,68.79
2855,32.5625,1726230632658,0.70,71.46
2886,32.625,1726230634737,0.70,69.28
2885,32.5625,1726230636821,0.70,69.35
2883,32.5,1726230638913,0.70,69.49
2895,32.5625,1726230640990,0.71,68.65
2891,32.5625,1726230643069,0.71,68.93
2944,32.625,1726230645146,0.72,65.32
2925,32.625,1726230647223,0.71,66.60
2923,32.625,1726230649382,0.71,66.74
2928,32.625,1726230651462,0.72,66.40
2929,32.625,1726230653541,0.72,66.33
2943,32.625,1726230655723,0.72,65.39
2949,32.625,1726230657802,0.72,64.99
2928,32.625,1726230659891,0.72,66.40
2926,32.6875,1726230661974,0.71,66.53
2916,32.625,1726230664059,0.71,67.21
2931,32.5625,1726230666136,0.72,66.19
2928,32.5625,1726230668218,0.72,66.40
2922,32.6875,1726230670297,0.71,66.80
2918,32.625,1726230672382,0.71,67.08
2941,32.625,1726230674461,0.72,65.52
2918,32.625,1726230676543,0.71,67.08
2922,32.5625,1726230678631,0.71,66.80
2928,32.5625,1726230680712,0.72,66.40
2917,32.625,1726230682789,0.71,67.14
2923,32.625,1726230684870,0.71,66.74
2921,32.625,1726230686948,0.71,66.87
2927,32.625,1726230689027,0.71,66.46
2919,32.5625,1726230691108,0.71,67.01
2934,32.5625,1726230693187,0.72,65.99
2938,32.5625,1726230695268,0.72,65.72
2931,32.625,1726230697347,0.72,66.19
2925,32.625,1726230699426,0.71,66.60
2935,32.5625,1726230701600,0.72,65.93
2917,32.625,1726230703997,0.71,67.14
2940,32.625,1726230706076,0.72,65.59
2934,32.5625,1726230708158,0.72,65.99
2931,32.625,1726230710248,0.72,66.19
2933,32.625,1726230712328,0.72,66.06
2923,32.5625,1726230714493,0.71,66.74
2928,32.5625,1726230716746,0.72,66.40
2923,32.625,1726230718828,0.71,66.74
2928,32.625,1726230720910,0.72,66.40
2925,32.625,1726230722990,0.71,66.60
2918,32.625,1726230725075,0.71,67.08
2916,32.5625,1726230727163,0.71,67.21
2915,32.5625,1726230729445,0.71,67.28
2930,32.625,1726230731524,0.72,66.26
2934,32.625,1726230733603,0.72,65.99
2925,32.625,1726230735682,0.71,66.60
2927,32.625,1726230737762,0.71,66.46
2928,32.625,1726230739843,0.72,66.40
2928,32.5625,1726230741924,0.72,66.40
2923,32.5625,1726230744006,0.71,66.74
2926,32.625,1726230746084,0.71,66.53
2923,32.6875,1726230748163,0.71,66.74
2926,32.5625,1726230750343,0.71,66.53
2913,32.625,1726230752423,0.71,67.42
2928,32.625,1726230754502,0.72,66.40
2926,32.625,1726230756584,0.71,66.53
2929,32.625,1726230758662,0.72,66.33
2937,32.5625,1726230760779,0.72,65.79
2933,32.625,1726230762857,0.72,66.06
2932,32.625,1726230764934,0.72,66.13
2929,32.625,1726230767015,0.72,66.33
2927,32.625,1726230769096,0.71,66.46
2925,32.5625,1726230771223,0.71,66.60
2932,32.5625,1726230773301,0.72,66.13
2918,32.625,1726230775379,0.71,67.08
2917,32.625,1726230777460,0.71,67.14
2926,32.625,1726230779542,0.71,66.53
2928,32.6875,1726230781665,0.72,66.40
2925,32.5625,1726230783745,0.71,66.60
2918,32.625,1726230785823,0.71,67.08
2926,32.625,1726230787903,0.71,66.53
2912,32.625,1726230789983,0.71,67.48
2919,32.5625,1726230792067,0.71,67.01
2925,32.5625,1726230794148,0.71,66.60
2923,32.5625,1726230796230,0.71,66.74
2933,32.625,1726230798308,0.72,66.06
2928,32.6875,1726230800385,0.72,66.40
2931,32.5625,1726230802569,0.72,66.19
2933,32.625,1726230804647,0.72,66.06
2922,32.625,1726230806728,0.71,66.80
2928,32.625,1726230808810,0.72,66.40
2951,32.625,1726230810889,0.72,64.85
2924,32.5625,1726230812984,0.71,66.67
2916,32.5625,1726230815063,0.71,67.21
2903,32.625,1726230817140,0.71,68.10
2919,32.6875,1726230819221,0.71,67.01
2930,32.6875,1726230821303,0.72,66.26
2928,32.5625,1726230823447,0.72,66.40
2927,32.625,1726230825529,0.71,66.46
2928,32.6875,1726230827619,0.72,66.40
2935,32.5625,1726230829802,0.72,65.93
2928,32.5625,1726230831881,0.72,66.40
2944,32.625,1726230833962,0.72,65.32
2917,32.625,1726230836043,0.71,67.14
2915,32.625,1726230838123,0.71,67.28
2917,32.5625,1726230840210,0.71,67.14
2941,32.5625,1726230842290,0.72,65.52
2921,32.625,1726230844379,0.71,66.87
2928,32.625,1726230846464,0.72,66.40
2893,32.625,1726230848547,0.71,68.79
2921,32.5625,1726230850647,0.71,66.87
2935,32.5625,1726230852727,0.72,65.93
2923,32.625,1726230854811,0.71,66.74
2929,32.625,1726230856890,0.72,66.33
2925,32.6875,1726230858970,0.71,66.60
2927,32.625,1726230861132,0.71,66.46
2928,32.625,1726230863210,0.72,66.40
2925,32.625,1726230865286,0.71,66.60
2915,32.625,1726230867366,0.71,67.28
2928,32.6875,1726230869450,0.72,66.40
2925,32.5625,1726230871531,0.71,66.60
2928,32.5625,1726230873613,0.72,66.40
2926,32.5625,1726230875693,0.71,66.53
2929,32.625,1726230877776,0.72,66.33
2922,32.625,1726230879857,0.71,66.80
2925,32.5625,1726230882022,0.71,66.60
2929,32.5625,1726230884360,0.72,66.33
2901,32.625,1726230886436,0.71,68.24
2914,32.5625,1726230888519,0.71,67.35
2928,32.5625,1726230890600,0.72,66.40
2917,32.5625,1726230892680,0.71,67.14
2921,32.5625,1726230894756,0.71,66.87
2923,32.625,1726230896837,0.71,66.74
2929,32.625,1726230898916,0.72,66.33
2911,32.625,1726230900996,0.71,67.55
2918,32.5625,1726230903073,0.71,67.08
2918,32.5625,1726230905150,0.71,67.08
2926,32.5625,1726230907417,0.71,66.53
2919,32.625,1726230909496,0.71,67.01
2923,32.625,1726230911572,0.71,66.74
2919,32.625,1726230913650,0.71,67.01
2912,32.5625,1726230915813,0.71,67.48
2913,32.5625,1726230917887,0.71,67.42
2917,32.5625,1726230919964,0.71,67.14
2915,32.625,1726230922039,0.71,67.28
2923,32.5625,1726230924207,0.71,66.74
2925,32.5625,1726230926292,0.71,66.60
2913,32.625,1726230928367,0.71,67.42
2925,32.625,1726230930443,0.71,66.60
2909,32.625,1726230932521,0.71,67.69
2921,32.5625,1726230934598,0.71,66.87
2925,32.5625,1726230936702,0.71,66.60
2906,32.5625,1726230938784,0.71,67.90
2934,32.625,1726230940861,0.72,65.99
2896,32.625,1726230942938,0.71,68.58
2911,32.625,1726230945017,0.71,67.55
2907,32.5625,1726230947094,0.71,67.83
2921,32.5625,1726230949171,0.71,66.87
2928,32.5625,1726230951246,0.72,66.40
2921,32.5625,1726230953530,0.71,66.87
2918,32.5625,1726230955752,0.71,67.08
2936,32.5625,1726230957827,0.72,65.86
2927,32.5625,1726230959904,0.71,66.46
2915,32.625,1726230961981,0.71,67.28
2914,32.5625,1726230964144,0.71,67.35
2917,32.5625,1726230966222,0.71,67.14
2926,32.625,1726230968303,0.71,66.53
2913,32.625,1726230970381,0.71,67.42
2928,32.625,1726230972460,0.72,66.40
2922,32.5625,1726230974541,0.71,66.80
2919,32.5,1726230976841,0.71,67.01
2918,32.5625,1726230978922,0.71,67.08
2929,32.625,1726230980998,0.72,66.33
2925,32.625,1726230983075,0.71,66.60
2924,32.6875,1726230985154,0.71,66.67
2927,32.5625,1726230987236,0.71,66.46
2928,32.5625,1726230989314,0.72,66.40
2927,32.5625,1726230991404,0.71,66.46
2923,32.5625,1726230993484,0.71,66.74
2921,32.625,1726230995564,0.71,66.87
2922,32.5625,1726230997743,0.71,66.80
2911,32.5625,1726230999820,0.71,67.55
2924,32.5625,1726231001903,0.71,66.67
2915,32.625,1726231003984,0.71,67.28
2922,32.625,1726231006185,0.71,66.80
2927,32.625,1726231008264,0.71,66.46
2902,32.625,1726231010341,0.71,68.17
2901,32.5625,1726231012417,0.71,68.24
2901,32.5,1726231014499,0.71,68.24
2902,32.625,1726231016580,0.71,68.17
2918,32.5,1726231018656,0.71,67.08
2918,32.5625,1726231020728,0.71,67.08
2919,32.5625,1726231022805,0.71,67.01
2910,32.5625,1726231024881,0.71,67.62
2926,32.5625,1726231027050,0.71,66.53
2919,32.625,1726231029152,0.71,67.01
2922,32.5625,1726231031237,0.71,66.80
2919,32.5,1726231033370,0.71,67.01
2913,32.5,1726231035448,0.71,67.42
2911,32.5625,1726231037523,0.71,67.55
2929,32.625,1726231039600,0.72,66.33
2908,32.5625,1726231041684,0.71,67.76
2914,32.5,1726231043812,0.71,67.35
2915,32.5625,1726231045888,0.71,67.28
2919,32.5625,1726231047963,0.71,67.01
2918,32.5625,1726231050039,0.71,67.08
2922,32.5625,1726231052115,0.71,66.80
2907,32.5625,1726231054191,0.71,67.83
2916,32.5,1726231056268,0.71,67.21
2915,32.5,1726231058344,0.71,67.28
2922,32.5,1726231060422,0.71,66.80
2917,32.5625,1726231062498,0.71,67.14
2913,32.5625,1726231064881,0.71,67.42
2923,32.5,1726231066962,0.71,66.74
2924,32.5625,1726231069039,0.71,66.67
2934,32.5625,1726231071137,0.72,65.99
2922,32.625,1726231073216,0.71,66.80
2910,32.5,1726231075302,0.71,67.62
2925,32.5,1726231077386,0.71,66.60
2917,32.5,1726231079466,0.71,67.14
2915,32.5625,1726231081555,0.71,67.28
2923,32.5625,1726231083637,0.71,66.74
2926,32.5625,1726231085719,0.71,66.53
2919,32.5625,1726231087803,0.71,67.01
2928,32.5,1726231089881,0.72,66.40
2928,32.5,1726231091966,0.72,66.40
2917,32.5625,1726231094046,0.71,67.14
2916,32.5625,1726231096124,0.71,67.21
2918,32.5,1726231098293,0.71,67.08
2919,32.5625,1726231100374,0.71,67.01
2927,32.5625,1726231102453,0.71,66.46
2928,32.5625,1726231104541,0.72,66.40
2919,32.5,1726231106624,0.71,67.01
2922,32.5,1726231108710,0.71,66.80
2922,32.4375,1726231110794,0.71,66.80
2928,32.5,1726231112875,0.72,66.40
2919,32.5625,1726231114956,0.71,67.01
2918,32.625,1726231117036,0.71,67.08
2919,32.5625,1726231119116,0.71,67.01
2928,32.5,1726231121242,0.72,66.40
2928,32.5625,1726231123327,0.72,66.40
2930,32.625,1726231125408,0.72,66.26
2919,32.5,1726231127575,0.71,67.01
2927,32.5,1726231129661,0.71,66.46
2913,32.5625,1726231131744,0.71,67.42
2922,32.5625,1726231133827,0.71,66.80
2921,32.5625,1726231135907,0.71,66.87
2908,32.5,1726231137995,0.71,67.76
2906,32.5,1726231140078,0.71,67.90
2908,32.5,1726231142159,0.71,67.76
2916,32.5625,1726231144243,0.71,67.21
2921,32.5625,1726231146325,0.71,66.87
2901,32.5625,1726231148404,0.71,68.24
2901,32.5,1726231150488,0.71,68.24
2874,32.5,1726231152572,0.70,70.12
2911,32.5,1726231154650,0.71,67.55
2915,32.5625,1726231156742,0.71,67.28
2911,32.5625,1726231158823,0.71,67.55
2915,32.5625,1726231160912,0.71,67.28
2932,32.5,1726231162992,0.72,66.13
2923,32.5,1726231165074,0.71,66.74
2926,32.5625,1726231167154,0.71,66.53
2911,32.5625,1726231169236,0.71,67.55
2929,32.5,1726231171428,0.72,66.33
2928,32.5625,1726231173507,0.72,66.40
2925,32.5625,1726231175589,0.71,66.60
2910,32.5625,1726231177678,0.71,67.62
2911,32.5,1726231179760,0.71,67.55
2922,32.5,1726231181843,0.71,66.80
2920,32.5,1726231183927,0.71,66.94
2923,32.5625,1726231186006,0.71,66.74
2915,32.5625,1726231188085,0.71,67.28
2922,32.5625,1726231190166,0.71,66.80
2922,32.5,1726231192251,0.71,66.80
2918,32.5,1726231194331,0.71,67.08
2919,32.5,1726231196417,0.71,67.01
2923,32.5625,1726231198498,0.71,66.74
2923,32.5625,1726231200581,0.71,66.74
2906,32.5625,1726231202664,0.71,67.90
2915,32.5,1726231204744,0.71,67.28
2917,32.4375,1726231206824,0.71,67.14
2913,32.5,1726231208910,0.71,67.42
2922,32.5625,1726231210988,0.71,66.80
2911,32.5625,1726231213076,0.71,67.55
2910,32.5,1726231215161,0.71,67.62
2914,32.5,1726231217243,0.71,67.35
2921,32.5,1726231219326,0.71,66.87
2938,32.5,1726231221409,0.72,65.72
2928,32.5,1726231223490,0.72,66.40
2907,32.5,1726231225572,0.71,67.83
2911,32.5,1726231227657,0.71,67.55
2917,32.5,1726231229738,0.71,67.14
2923,32.5,1726231231819,0.71,66.74
2911,32.5,1726231233904,0.71,67.55
2921,32.5625,1726231235993,0.71,66.87
2931,32.5625,1726231238075,0.72,66.19
2907,32.5,1726231240156,0.71,67.83
2906,32.5,1726231242247,0.71,67.90
2933,32.5,1726231244328,0.72,66.06
2927,32.5,1726231247068,0.71,66.46
2906,32.5,1726231248647,0.71,67.90
2925,32.5625,1726231250724,0.71,66.60
2921,32.5625,1726231252803,0.71,66.87
2911,32.5,1726231254882,0.71,67.55
2911,32.5,1726231256968,0.71,67.55
2925,32.4375,1726231259053,0.71,66.60
2919,32.4375,1726231261138,0.71,67.01
2917,32.5,1726231263217,0.71,67.14
2911,32.5,1726231265296,0.71,67.55
2910,32.5625,1726231267377,0.71,67.62
2901,32.5,1726231269461,0.71,68.24
2912,32.4375,1726231271541,0.71,67.48
2913,32.5,1726231273848,0.71,67.42
2923,32.5625,1726231275960,0.71,66.74
2906,32.5,1726231278039,0.71,67.90
2909,32.4375,1726231280117,0.71,67.69
2928,32.4375,1726231282197,0.72,66.40
2923,32.5,1726231284277,0.71,66.74
2927,32.5625,1726231286375,0.71,66.46
2905,32.5625,1726231288457,0.71,67.96
2907,32.5,1726231290536,0.71,67.83
2910,32.5,1726231292621,0.71,67.62
2923,32.5,1726231294919,0.71,66.74
2913,32.5625,1726231297000,0.71,67.42
2917,32.5625,1726231299094,0.71,67.14
2913,32.5625,1726231301174,0.71,67.42
2908,32.5,1726231303253,0.71,67.76
2928,32.5,1726231305548,0.72,66.40
2907,32.4375,1726231307634,0.71,67.83
2915,32.5625,1726231309720,0.71,67.28
2922,32.5625,1726231311802,0.71,66.80
2921,32.5,1726231313879,0.71,66.87
2911,32.4375,1726231315976,0.71,67.55
2917,32.4375,1726231318061,0.71,67.14
2928,32.5625,1726231320143,0.72,66.40
2917,32.5625,1726231322221,0.71,67.14
2914,32.5,1726231324300,0.71,67.35
2927,32.5,1726231326442,0.71,66.46
2916,32.5,1726231328521,0.71,67.21
2896,32.5625,1726231330597,0.71,68.58
2927,32.5625,1726231332678,0.71,66.46
2907,32.5625,1726231334756,0.71,67.83
2913,32.5,1726231336928,0.71,67.42
2927,32.5625,1726231339005,0.71,66.46
2919,32.5625,1726231341085,0.71,67.01
